Link Name,Center of Mass X,Center of Mass Y,Center of Mass Z,Center of Mass Roll,Center of Mass Pitch,Center of Mass Yaw,Mass,Moment Ixx,Moment Ixy,Moment Ixz,Moment Iyy,Moment Iyz,Moment Izz,Visual X,Visual Y,Visual Z,Visual Roll,Visual Pitch,Visual Yaw,Mesh Filename,Color Red,Color Green,Color Blue,Color Alpha,Collision X,Collision Y,Collision Z,Collision Roll,Collision Pitch,Collision Yaw,Collision Mesh Filename,Material Name,SW Components,Coordinate System,Axis Name,Joint Name,Joint Type,Joint Origin X,Joint Origin Y,Joint Origin Z,Joint Origin Roll,Joint Origin Pitch,Joint Origin Yaw,Parent,Joint Axis X,Joint Axis Y,Joint Axis Z,Limit Effort,Limit Velocity,Limit Lower,Limit Upper,Calibration rising,Calibration falling,Dynamics Damping,Dynamics Friction,Safety Soft Upper,Safety Soft Lower,Safety K Position,Safety K Velocity
base_link,0.00394852938516854,-0.000160819719310812,0.3709959852658,0,0,0,7.55759737832119,0.28867511606062,5.02467420121525E-07,-0.000283218960134777,0.253419125211149,-3.78082210705268E-05,0.241390364467133,0,0,0,0,0,0,package://Assem1 final final/meshes/base_link.STL,0.792156862745098,0.819607843137255,0.933333333333333,1,0,0,0,0,0,0,package://Assem1 final final/meshes/base_link.STL,,Part44444444444-1;Part111111111111-1;Part1115-1;Part55-1;Part53-1;Assem100000_1-1/Part30000_Default_As Machined_-1;Assem100000_1-1/Assem110.SLDPRT-1/Part6-1;Assem100000_1-1/Assem110.SLDPRT-1/Part4-1;Assem100000_1-1/Assem110.SLDPRT-1/Part7-1;Part111111111111-2;Part1ibraim_Default_As Machined_-1;Part1006-1;Part1004-1;Part1006-2;Part5-1;Part3_1-1;Part1007777-1;Part100777777-1;S Wheel-2;part 6 wheel-1;part 6 wheel-2;Par7-2;Par7-1;S Wheel-1,Coordinate System1,,,,0,0,0,0,0,0,,0,0,0,,,,,,,,,,,,
horizontal_ rot1,0.0264208443635311,0.0124915891690655,-0.000107994476847839,0,0,0,0.0162856480579259,1.00290661257103E-05,1.09615959853757E-06,-3.78426371869118E-08,1.49482083733998E-05,1.13941184793553E-08,1.35771578342545E-05,0,0,0,0,0,0,package://Assem1 final final/meshes/horizontal_ rot1.STL,0.792156862745098,0.819607843137255,0.933333333333333,1,0,0,0,0,0,0,package://Assem1 final final/meshes/horizontal_ rot1.STL,,part 2 wheel-1;part 3 wheel-1,Origin_joint_1,Axis4,joint_1,continuous,0.263000000000041,0.327500000000013,0,1.5707963267949,0,0.0108895782052523,base_link,0,-1,0,300,3,,,,,,,,,,
vertical_ rot1,2.48476485886773E-07,6.25177942747968E-09,-2.28169226930142E-05,0,0,0,0.0815187797240962,4.139669944728E-05,-3.24848216503477E-10,-3.30888320342496E-07,4.13967256950377E-05,-2.81719206938079E-12,7.17776743131143E-05,0,0,0,0,0,0,package://Assem1 final final/meshes/vertical_ rot1.STL,0.792156862745098,0.819607843137255,0.933333333333333,1,0,0,0,0,0,0,package://Assem1 final final/meshes/vertical_ rot1.STL,,Part 1 wheel-1,Origin_joint_2,Axis3,joint_2,continuous,0.0399976283651571,-0.0154991056418489,0.000435574519475068,-0.00329251097584394,0.000509658433723539,0.30714849802921,horizontal_ rot1,-0.0108893629868767,0,0.999940709129166,300,3,,,,,,,,,,
horizontal_ rot2,0.0264208441604578,0.0124915895050398,-0.00010799447906451,0,0,0,0.0162856480579307,1.00290643483525E-05,1.09615777656577E-06,-3.78426977819143E-08,1.49482101518738E-05,1.13941742785996E-08,1.357715783315E-05,0,0,0,0,0,0,package://Assem1 final final/meshes/horizontal_ rot2.STL,0.792156862745098,0.819607843137255,0.933333333333333,1,0,0,0,0,0,0,package://Assem1 final final/meshes/horizontal_ rot2.STL,,part 2 wheel-2;part 3 wheel-2,Origin_joint_3,Axis6,joint_3,continuous,0.263000000000039,-0.327499999999989,0,1.5707963267949,0,0.0108895782052523,base_link,0,-1,0,300,3,,,,,,,,,,
vertical_ rot2,2.48476486053306E-07,6.25177931645737E-09,-2.28169226976771E-05,0,0,0,0.0815187797240945,4.13966994472787E-05,-3.24848216657637E-10,-3.30888320342634E-07,4.13967256950366E-05,-2.81719129354493E-12,7.17776743131125E-05,0,0,0,0,0,0,package://Assem1 final final/meshes/vertical_ rot2.STL,0.792156862745098,0.819607843137255,0.933333333333333,1,0,0,0,0,0,0,package://Assem1 final final/meshes/vertical_ rot2.STL,,Part 1 wheel-2,Origin_joint_4,Axis5,joint_4,continuous,0.0399976283651666,-0.0154991056418602,0.000435574519475068,0.0105532795412668,0.0135780609435402,-1.82019471011151,horizontal_ rot2,-0.0108893629868838,0,0.999940709129166,300,3,,,,,,,,,,
big_wheel1,0.0801300104160427,1.17034645308323E-08,-5.93944290316895E-06,0,0,0,1.31038895782748,0.00378342151421735,-2.4545216818955E-09,-4.66768558802547E-07,0.00241866329287584,-9.10878970449176E-14,0.00241868842862518,0,0,0,0,0,0,package://Assem1 final final/meshes/big_wheel1.STL,0.792156862745098,0.819607843137255,0.933333333333333,1,0,0,0,0,0,0,package://Assem1 final final/meshes/big_wheel1.STL,,Wheel-1,Origin_joint_5,Axis8,joint_5,continuous,-0.175000000000021,0.242500000000005,0.0244999999999986,-0.0313100661629123,0,1.5707963267949,base_link,1,0,0,300,3,,,,,,,,,,
big_wheel2,0.0801300408388053,7.25588511496511E-09,-5.93944346261033E-06,0,0,0,1.31038883438627,0.00378342386369556,-8.07502729648011E-10,-4.66768795581951E-07,0.0024186622093406,-5.64724048773835E-14,0.00241868734509006,0,0,0,0,0,0,package://Assem1 final final/meshes/big_wheel2.STL,0.792156862745098,0.819607843137255,0.933333333333333,1,0,0,0,0,0,0,package://Assem1 final final/meshes/big_wheel2.STL,,Wheel-2,Origin_joint_6,Axis7,joint_6,continuous,-0.175000000000022,-0.242499999999995,0.0244999999999996,0.056959309469116,0,-1.5707963267949,base_link,-1,0,0,300,3,,,,,,,,,,
camera,0.0115561554755023,1.1008713381111E-05,-0.000135954325541032,0,0,0,0.0398923950503806,2.63413640635645E-05,-6.62466921778793E-09,1.81971963264903E-08,2.85032438177403E-06,-1.55423031862008E-10,2.59721957527212E-05,0,0,0,0,0,0,package://Assem1 final final/meshes/camera.STL,0.792156862745098,0.819607843137255,0.933333333333333,1,0,0,0,0,0,0,package://Assem1 final final/meshes/camera.STL,,Assem100000_1-1/Assem110.SLDPRT-1/RealSense_D435-1,Origin_joint_7,,joint_7,fixed,0.018,2.7435E-05,1.1908,0,0,0,base_link,0,0,0,,,,,,,,,,,,
lidar,0.0135567743230772,-0.00026272003152461,0.0021348835502677,0,0,0,0.0730842405077276,1.95788122710189E-05,-6.2493554728148E-08,-4.28327018310629E-07,2.41277945490076E-05,1.34681573167481E-08,4.14190887972257E-05,0,0,0,0,0,0,package://Assem1 final final/meshes/lidar.STL,0.792156862745098,0.819607843137255,0.933333333333333,1,0,0,0,0,0,0,package://Assem1 final final/meshes/lidar.STL,,12-1,Origin_joint_8,,joint_8,fixed,-0.015,0,0.2476,0,0,0,base_link,0,0,0,,,,,,,,,,,,
